prefer,track_id,artist,title,danceability,energy,key,loudness,mode,speechiness,acousticness,instrumentalness,liveness,valence,tempo,duration_ms,time_signature
2,0PHnarucM3z3XrjXZtxRWQ,Foley,Cola,0.581,0.662,0,-4.14,0,0.244,0.0887,0.00016,0.104,0.808,205.789,179634,4
2,12maCq9nipFJomO0DctIMt,Foley,Can't Help the Way,0.746,0.631,11,-4.699,0,0.3,0.43,0,0.111,0.808,101.977,189858,4
2,1C1zAdzv54zm5jqGnFiCOa,Jane & The Boy,Wonderstruck,0.669,0.674,7,-7.783,1,0.034,0.142,1.9e-06,0.504,0.757,107.024,157520,4
2,7rMFqTtDjzTVQTdD0fQCwf,Jane & The Boy,Starry Eyed,0.721,0.73,7,-8.078,1,0.0379,0.0653,4.08e-06,0.0663,0.65,110.014,185880,4
2,6RRNNciQGZEXnqk8SQ9yv5,Taylor Swift,You Need To Calm Down,0.771,0.671,2,-5.617,1,0.0553,0.00929,0,0.0637,0.714,85.026,171360,4
2,3A0AhF0HB1g0D6WPQjjr7h,Chris James,The Cool Kid,0.819,0.693,1,-5.836,1,0.0895,0.0909,0,0.104,0.903,141.954,153281,4
2,4fXmBERnR3SDk053aqQqwa,keshi,Kiss Me Right,0.332,0.812,6,-4.278,0,0.0893,0.0727,3.93e-06,0.289,0.558,69.728,161968,4
2,2tHwzyyOLoWSFqYNjeVMzj,Sabrina Carpenter,Please Please Please,0.675,0.586,9,-6.086,1,0.0531,0.257,0,0.104,0.621,107.015,186365,4
2,09IStsImFySgyp0pIQdqAc,Zedd,The Middle,0.753,0.657,7,-3.061,1,0.0449,0.171,0,0.112,0.437,107.01,184732,4
2,6QMWZGwkpUS7RtgRgRcW5x,Fly By Midnight,In The Night,0.605,0.934,5,-3.642,0,0.0331,0.00914,0.00288,0.311,0.825,119.998,206000,4
2,28Uw7wcsuQQpm5xElRoiww,Chris James,The Race,0.753,0.555,8,-5.816,1,0.0344,0.257,0.000653,0.176,0.799,102.966,141562,4
2,0rZf7sBjvU2hj7TNBbn8qm,The Volunteers,Tell 'em boys,0.593,0.774,1,-5.141,0,0.074,0.00221,0.0941,0.101,0.633,159.945,269976,4
2,6ce41JVa6KFaryfmC2bu2W,Taylor Swift,22,0.661,0.729,7,-6.561,1,0.0376,0.00215,0.0013,0.0477,0.668,103.987,232120,4
2,00Mb3DuaIH1kjrwOku9CGU,Avril Lavigne,Sk8er Boi,0.487,0.9,0,-4.417,1,0.0482,6.79e-05,0,0.358,0.484,149.937,204000,4
2,2z4U9d5OAA4YLNXoCgioxo,Avril Lavigne,What the Hell,0.578,0.926,6,-3.689,0,0.0548,0.00472,0.0127,0.14,0.877,149.976,220707,4
2,2Ce1f9I2gTUZgoDDGHC24J,Tori Kelly,Something Beautiful,0.63,0.864,11,-4.056,1,0.102,0.0204,0.0207,0.191,0.577,93.008,224173,4
2,4YOlZCfnPBfy1ixfSRp07T,Justin Bieber,One Less Lonely Girl,0.555,0.75,4,-4.424,1,0.204,0.159,0,0.274,0.726,86.84,229107,4
2,5HbCnVLXRyZVxnreOPgJCK,Avril Lavigne,Girlfriend,0.56,0.959,7,-2.433,1,0.102,0.000738,0.000206,0.209,0.67,163.983,216600,4
2,1gBkUc43ulbsRFIjlzZpOo,Lucy Hale,Run This Town,0.696,0.892,5,-2.574,1,0.0798,0.015,0,0.25,0.717,127.977,235613,4
2,2qSkIjg1o9h3YT9RAgYN75,Sabrina Carpenter,Espresso,0.701,0.76,0,-5.478,1,0.0285,0.107,6.54e-05,0.185,0.69,103.969,175459,4
2,1lpqzWcJ2CUr8MAT5G3jNm,Cody Fry,Thinking About You,0.914,0.528,5,-6.988,0,0.0997,0.0416,0.00403,0.0851,0.889,98.974,227853,4
2,5jmBbkBYN9Zxbr8oYQEuUE,sunkis,Top Tier,0.773,0.576,11,-5.624,0,0.186,0.425,0,0.11,0.686,101.993,172356,4
2,0W6cB9dPUnsL5iKOpxuSAK,LAY,Run Back To You,0.925,0.594,10,-5.755,1,0.0454,0.0341,0.00232,0.107,0.885,117.993,188751,4
2,4Thlj8RDW47gwD1RwNAFo4,Chelsea Collins,07 Britney,0.475,0.846,4,-1.465,1,0.0625,0.11,0,0.24,0.381,154.19,182915,4
2,0arPxj5WufzbjEy1uPn7GP,Ethan Dufault,Casualties,0.647,0.306,3,-10.392,1,0.0321,0.846,0,0.1,0.348,143.932,222083,4
2,3plZS2cU2xgAQm0iyuSu8X,Foley,Can't Help the Way,0.746,0.631,11,-4.699,0,0.3,0.43,0,0.111,0.808,101.977,189858,4
2,5N7hXynMlFbsV5Y8QfEJr9,Foley,Cola,0.579,0.661,0,-4.133,0,0.243,0.0857,0.000161,0.104,0.829,205.807,179634,4
2,3RauEVgRgj1IuWdJ9fDs70,Taylor Swift,The Man,0.777,0.658,0,-5.191,1,0.054,0.0767,0,0.0901,0.633,110.048,190360,4
2,3e9HZxeyfWwjeyPAMmWSSQ,Ariana Grande,"thank u, next",0.72,0.654,1,-5.634,1,0.0647,0.227,0,0.101,0.411,106.976,207320,4
2,3sW3oSbzsfecv9XoUdGs7h,Taylor Swift,Enchanted (Taylor's Version),0.52,0.553,8,-3.546,1,0.0269,0.016,0,0.165,0.227,81.949,353253,4
2,7G0gBu6nLdhFDPRLc0HdDG,Taylor Swift,Mine (Taylor's Version),0.647,0.793,7,-2.903,1,0.0363,0.00314,1.93e-06,0.174,0.5,121.101,231707,4
2,3ZPBZH2k9p306C1bu7bkhC,Lauv,Never Not,0.471,0.22,5,-9.243,1,0.037,0.691,0,0.104,0.26,133.714,208000,4
2,3uwnnTQcHM1rDqSfA4gQNz,Demi Lovato,Cool for the Summer,0.583,0.61,5,-5.639,0,0.0382,0.00425,0.000105,0.14,0.336,114.06,214740,4
2,4vVTI94F9uJ8lHNDWKv0i2,Sean Kingston,Eenie Meenie,0.72,0.607,1,-4.168,1,0.0322,0.0543,0,0.113,0.828,121.223,201947,4
2,2LAqcZuU9nbOZrC7Nzdvtu,Kiiara,So Sick (feat. blackbear),0.751,0.544,7,-7.073,1,0.0581,0.149,1.56e-05,0.513,0.392,118.048,150943,4
2,4G6A1vrOJC6pUwBhxfoSQS,Jake Miller,Can't Help Myself,0.656,0.615,1,-5.562,1,0.0506,0.209,0,0.109,0.732,76.53,210000,4
2,7KokYm8cMIXCsGVmUvKtqf,Taylor Swift,Karma,0.64,0.619,8,-7.108,1,0.065,0.062,0,0.475,0.121,90.008,204852,4
2,6PERP62TejQjgHu81OHxgM,Olivia Rodrigo,good 4 u,0.556,0.661,6,-5.052,0,0.204,0.3,0,0.101,0.668,168.56,178148,4
2,6NFyWDv5CjfwuzoCkw47Xf,Taylor Swift,Delicate,0.75,0.404,9,-10.178,0,0.0682,0.216,0.000357,0.0911,0.0499,95.045,232253,4
2,3CeCwYWvdfXbZLXFhBrbnf,Taylor Swift,Love Story (Taylor’s Version),0.626,0.79,2,-4.302,1,0.0311,0.135,3.97e-06,0.0989,0.416,119.082,235767,4
2,3JyZogZnODtfAGTgpLozo2,Emily Vaughn,here,0.755,0.322,6,-10.377,1,0.0545,0.364,0,0.0928,0.169,119.934,119000,4
2,36gcliMRX1vCpgnrZE3dFZ,Tiësto,10:35,0.696,0.793,8,-5.733,1,0.097,0.0683,3.78e-06,0.18,0.698,120.003,172253,4
2,1yxsoZCXBEcplWHsuc6wey,Lauv,Summer Nights,0.783,0.825,0,-7.483,0,0.0751,0.0581,6.12e-05,0.0631,0.226,139.956,156050,4
2,0Jw7m6p1qyz0VsvjpguMzu,Lauv,Believed,0.796,0.518,11,-8.09,0,0.0516,0.0766,0,0.444,0.49,149.962,169760,4
2,3pTHZHX0MRE7xYeiTEWlaM,Lauv,Tattoos Together,0.863,0.401,4,-7.49,1,0.0748,0.00569,9.14e-06,0.123,0.606,122.962,186613,4
2,6r3duEAfFTH83DuoywkG20,Lauv,Feelings,0.7,0.394,9,-8.911,1,0.0328,0.0567,0,0.0801,0.241,103.041,189907,4
2,4G4gtvlaFaI6v6wWD8UvqL,Lauv,Getting Over You,0.604,0.507,0,-7.928,1,0.0382,0.273,2.27e-06,0.0943,0.114,91.984,255886,4
2,7diY4bRXZ7ca6BEGNlz3xL,Lauv,Molly In Mexico,0.664,0.855,1,-6.069,0,0.0633,0.00439,0.241,0.0959,0.754,143.993,179388,4
2,6Vv8kZbiRdSbybIukXjvWF,Lauv,Stay Together,0.892,0.595,9,-7.053,1,0.0811,0.256,1.79e-05,0.116,0.694,155.086,140316,4
2,5z8uLrYMcUVvzTV28twt44,Ellie Goulding,Slow Grenade,0.758,0.562,9,-6.302,1,0.0771,0.0996,0,0.0996,0.581,142.035,217493,4
2,4A1GjAsAWjxBV4rzgOAOxR,Valley,Have A Good Summer (Without Me),0.612,0.71,1,-6.754,1,0.0323,0.0235,0,0.178,0.442,119.945,210850,4
2,6pqyZNnLKyJKtrlf42FQoq,BOYNEXTDOOR,Nice Guy,0.836,0.841,7,-3.609,1,0.116,0.284,0,0.386,0.678,116.0,164920,4
2,1t4a4bAObtfBiiNo0a0vle,BOYNEXTDOOR,Gonna Be A Rock,0.767,0.788,7,-4.06,0,0.0426,0.149,0,0.189,0.47,127.983,197253,4
2,7x9s9KVpMOrQ2z2fzOGo8z,BOYNEXTDOOR,So let's go see the stars,0.652,0.92,5,-3.91,1,0.0471,0.00425,0,0.145,0.618,142.024,202693,4
2,5WluLr98V6qbQVEhiZEH7Y,INFINITE,Cover Girl,0.664,0.978,1,-2.221,1,0.064,0.0281,0,0.0318,0.864,114.957,197707,4
2,3f8DdhaJATZNptWCaykoMQ,INFINITE,Julia,0.593,0.774,10,-5.015,1,0.0256,0.00107,2.21e-06,0.171,0.533,95.014,211213,4
2,0xZ4WU5UfctiSeETi6pMEo,SEVENTEEN,God of Light Music,0.576,0.965,11,-3.462,0,0.11,0.0834,0,0.256,0.781,139.87,91960,4
2,7B9W7Qsy5M2kyUNjQYIEG8,fromis_9,DM,0.649,0.898,11,-3.291,0,0.11,0.0213,0,0.0576,0.663,122.028,204293,4
2,0ECkPMDQlTtL373y7BByup,RIIZE,Siren,0.807,0.828,1,-2.928,1,0.0628,0.00101,7.91e-06,0.143,0.672,104.978,147962,4
2,0lUtQTBt2ydznYzuAeYFrZ,RIIZE,Love 119,0.752,0.75,8,-4.666,1,0.0468,0.447,0,0.288,0.419,98.524,173489,4
2,4H65EdACzwqV8sTt3dDyA0,RIIZE,Get A Guitar,0.9,0.621,8,-5.098,1,0.0717,0.126,9.44e-06,0.101,0.895,109.995,160372,4
2,2cN2qkaSnO5KKAMSa5ZfIm,RIIZE,Impossible,0.766,0.808,1,-4.327,0,0.1,0.00518,5.51e-06,0.072,0.819,128.005,182332,4
2,6Ixrp3yXfzv5brZXmZuXXN,RIIZE,Boom Boom Bass,0.811,0.759,5,-4.24,0,0.0535,0.0197,9.24e-06,0.145,0.83,117.005,152890,4
2,7egcmrxRDee6C5M3AtXZ7L,RIIZE,Memories,0.691,0.802,5,-5.302,0,0.0521,0.015,0,0.101,0.399,92.961,178013,4
2,4fN9L772zRZJMiFONYXimx,INFINITE,Follow Me,0.585,0.859,6,-3.611,1,0.0773,0.0285,0,0.147,0.619,139.991,207329,4
2,78uBj6jxOuS5BvEns7NsoO,INFINITE,Request.,0.621,0.852,6,-3.725,1,0.0446,0.073,0,0.12,0.584,128.973,212628,4
2,1aKvZDoLGkNMxoRYgkckZG,ILLIT,Magnetic,0.797,0.668,6,-5.819,1,0.0687,0.257,0,0.0876,0.69,131.067,160688,4
2,2bZIDMpzVooosmPHn0tHnd,STAYC,STEREOTYPE,0.605,0.805,6,-3.212,1,0.0641,0.313,0,0.659,0.738,148.298,191696,4
2,3y7ByLZ05tluscOTRgEJ9Y,IU,Palette (feat. G-DRAGON),0.804,0.68,0,-3.81,1,0.2,0.458,0,0.102,0.62,102.013,217413,4
2,2pIUpMhHL6L9Z5lnKxJJr9,NewJeans,Attention,0.811,0.648,10,-3.684,0,0.0368,0.236,0,0.0761,0.695,104.988,180067,4
2,74X2u8JMVooG2QbjRxXwR8,LE SSERAFIM,Perfect Night,0.697,0.82,5,-4.502,1,0.0308,0.1,0,0.0631,0.502,136.054,159080,4
2,5expoVGQPvXuwBBFuNGqBd,NewJeans,Hurt,0.599,0.446,10,-6.511,0,0.0833,0.731,0,0.105,0.567,179.877,177947,4
2,3r8RuvgbX9s7ammBn07D3W,NewJeans,Ditto,0.814,0.641,6,-5.957,0,0.111,0.027,0,0.0993,0.183,133.854,185507,4
2,6nICBdDevG4NZysIqDFPEa,aespa,Thirsty,0.654,0.787,6,-2.538,1,0.0636,0.549,0,0.13,0.632,77.513,193413,4
2,5GOXozqZHMtpUXNciSOWS1,TAEYEON,Feel So Fine,0.357,0.7,7,-4.153,1,0.0454,0.256,0,0.085,0.301,89.995,219015,4
2,285Bh5EkbxGGE76ge8JDbH,aespa,Lucid Dream,0.7,0.753,11,-3.841,0,0.0441,0.0539,1.72e-05,0.072,0.146,97.998,210560,4
2,5Qeki3kbgncoNnXTpvboOj,Primary,Drama,0.633,0.809,8,-3.306,1,0.0688,0.18,0,0.25,0.59,107.861,220507,4
2,6n7jFn3rgC6qWjsYaPJfB8,Girl's Day,Come Slowly,0.694,0.809,10,-4.305,0,0.0418,0.412,0,0.161,0.763,86.998,249213,4
2,5nCq0ojdIA0UDsK9LPQJ2M,INFINITE,Still I Miss You,0.617,0.726,7,-5.304,1,0.0521,0.214,0,0.145,0.548,95.012,232200,4
2,6z1ycVYyjuc6DsnDe9SKBW,Red Velvet,사탕 (Candy),0.554,0.577,4,-5.071,1,0.0346,0.593,0,0.178,0.316,135.921,262200,4
2,53hFhk5c0GnGzp3wm8CHph,LEE SEOYEON,"I Am You, You Are Me (Our Secret Diary X LEE SEOYEON)",0.774,0.544,5,-6.811,0,0.106,0.656,0,0.0727,0.551,97.021,213493,4
2,0EhdXt3y460mTRsi97Pyk5,DAY6,한 페이지가 될 수 있게,0.51,0.975,8,-2.758,1,0.053,0.00428,0,0.222,0.747,174.973,205576,4
2,2BYoPat0xQ2uk6I5HfevXW,DAY6,행복했던 날들이었다,0.613,0.874,5,-3.712,0,0.0335,0.00211,0,0.134,0.651,102.973,205149,4
2,5rRl4YwklkLMINyvibaulx,DAY6,Sing Me,0.618,0.694,5,-3.219,1,0.06,0.00548,0,0.62,0.31,123.905,213078,4
2,6uosenLUNFZtOIih5T0qfV,RESCENE,LOVE ATTACK,0.741,0.864,3,-3.395,0,0.0375,0.103,0,0.496,0.856,112.005,181560,4
2,7FzDMnwPhj6qdTT2PRaSYi,RESCENE,Pinball,0.627,0.86,8,-3.449,1,0.0502,0.0411,0,0.0877,0.575,169.952,192973,4
2,3pqgVtpnQbBAZoWT4AEm1B,fromis_9,Stay This Way,0.682,0.855,11,-2.421,1,0.0553,0.0709,0,0.046,0.764,123.945,195653,4
2,5y8g2fneaN5B1o6cPLCEyk,DAY6,태양처럼,0.755,0.661,8,-4.586,1,0.0669,0.00556,0,0.0647,0.902,104.961,218453,4
2,2C0P4kXM9cRE3nJmeepVrZ,DAY6,버릇이 됐어,0.661,0.817,1,-3.492,1,0.069,0.169,0,0.33,0.801,98.007,206440,4
2,06uScjJGabF4rIRdejWOaL,DAY6,Congratulations,0.31,0.702,3,-4.077,1,0.0539,0.0466,0,0.0395,0.578,179.851,229293,4
2,1oZgFWLkGurlnZbmRnolvC,DAY6,이상하게 계속 이래,0.713,0.789,5,-5.161,1,0.034,0.187,0,0.128,0.53,123.988,191453,4
2,1vFbKF7Vi1RyNW3mZsjgDR,DAY6,Free하게,0.665,0.898,2,-3.751,1,0.0691,0.0145,0,0.314,0.581,127.012,187613,4
2,3k9ajnDAgLeQkXUVjt7rpf,DAY6 (Even of Day),땡스 투 (Thanks to),0.659,0.842,6,-2.388,1,0.0275,0.114,3.01e-06,0.107,0.18,102.92,257452,4
2,2x6lQsl79VX9htuooO4qUz,Young K,let it be summer,0.567,0.977,9,-2.071,1,0.0453,0.00152,0,0.103,0.597,101.958,194547,4
2,49mntFe7XtS9Zut6ySEdtw,DAY6,도와줘요 Rock&Roll Help Me Rock&Roll,0.552,0.903,4,-3.05,1,0.0724,0.00566,0,0.0635,0.871,86.945,156843,4
2,5oXxzpghWb26BQ2exNf2IM,DAY6 (Even of Day),네가 원했던 것들 all the things you wanted,0.607,0.583,7,-4.676,1,0.028,0.252,0,0.245,0.333,136.046,195503,4
2,2oa3SNMLs4jcpguNnR9No5,DAY6,The Power of Love,0.645,0.856,0,-3.138,1,0.0298,0.0012,0,0.38,0.51,126.019,202481,4
2,4MwsWZDbTS2vUwfiwKW3c1,DAY6,Love me or Leave me,0.618,0.899,6,-3.364,0,0.0328,0.00085,0,0.124,0.58,126.012,222765,4
2,3BMAWsBp4jc35mCmebC3WT,DAY6,Welcome to the Show,0.595,0.758,9,-4.488,1,0.035,0.0378,0,0.0561,0.377,132.01,217068,4
2,0KluOoZx03KC3NucRSm8n4,DAY6,그녀가 웃었다 She Smiled,0.516,0.84,7,-3.537,1,0.0772,0.00523,0,0.0536,0.525,197.977,202993,4
2,3cEri8HtxeuJdzEZp3N3j9,Young K,이것밖에는 없다 nothing but,0.716,0.591,4,-1.946,1,0.0308,0.15,0,0.0993,0.671,78.007,201893,4
2,5R5NMy7zc7QPCfdvy8dvCQ,DAY6,HAPPY,0.535,0.963,9,-3.363,1,0.0798,0.000873,0,0.137,0.614,80.002,189934,4
2,5ERpPrIcHdVfSTqVTQuW4X,DAY6 (Even of Day),역대급 (WALK),0.591,0.79,6,-5.959,1,0.118,0.509,0,0.113,0.676,169.851,218640,4
2,5Invv3m92xZvztdCbZrmZ6,DAY6,녹아내려요 Melt Down,0.471,0.948,5,-2.62,0,0.0394,0.00609,0,0.116,0.741,184.926,165587,4
2,3HAkoNmThZhyFejhpRXXYI,DAY6,예뻤어,0.46,0.615,5,-3.472,0,0.0331,0.0633,0,0.109,0.414,167.927,283160,4
2,6UKhGYdCRnASe2VcAvl7HW,DAY6,널 제외한 나의 뇌 Get The Hell Out,0.446,0.978,4,-3.182,1,0.0421,0.000355,0,0.277,0.661,90.013,166228,4
2,4sxr1sUDnHn917SiTnvNfp,DAY6 (Even of Day),우린 WE,0.497,0.722,2,-5.405,1,0.0337,0.0961,0,0.148,0.338,170.076,230746,4
2,3op7dq8w9CgJPuio0qNCbY,DAY6,어쩌다 보니,0.544,0.936,2,-1.121,1,0.0444,0.0686,0,0.314,0.52,140.062,202454,4
2,3t6Uq5uYFOj1lfgeMu9OKN,DAY6,Healer,0.644,0.741,2,-4.743,1,0.0316,0.00145,0,0.0694,0.807,123.986,227185,4
2,4lTJgnGCPgIeuDXgc5Lomf,DAY6,나만 슬픈 엔딩 Sad Ending,0.45,0.927,11,-3.105,0,0.0689,4.75e-05,0,0.153,0.599,163.024,204481,4
2,6q4L77QLqOzilFDrLCWc5a,LUCY,Unbelievable,0.607,0.874,11,-1.514,0,0.0544,0.0311,3.41e-06,0.352,0.665,141.95,237627,4
2,38ERTwF1pjBl0HaV7q5PHs,Young K,오늘만을 너만을 이날을 waited,0.256,0.926,2,-2.719,1,0.104,0.00372,0,0.659,0.649,162.951,202293,4
2,2hL0jggNdLVIHFskz3Cnzo,Young K,Bungee Jumping,0.786,0.824,0,-1.872,1,0.0276,0.0349,0,0.0966,0.786,125.963,202587,4
2,4H65EdACzwqV8sTt3dDyA0,RIIZE,Get A Guitar,0.9,0.621,8,-5.098,1,0.0717,0.126,9.44e-06,0.101,0.895,109.995,160372,4
2,0w55rt5Hi2orJ8IWCU6EDq,DAY6,My Day,0.502,0.811,8,-4.537,1,0.068,0.144,0,0.118,0.385,152.072,180936,4
2,1gakoxacOGcAA4K9HjXkdU,DAY6,어떻게 말해,0.393,0.945,11,-0.995,0,0.0865,0.00573,0,0.0986,0.506,185.96,201848,4
2,4cJQcQQDLdPWy6YcmsxkVZ,DAY6,DANCE DANCE,0.421,0.759,4,-2.536,1,0.053,0.00141,0,0.119,0.559,170.189,223191,4
2,1Kuk3gJSZO6bci1TM5byIh,DAY6,Rescue Me,0.479,0.962,0,-2.197,1,0.0405,0.0003,7.29e-05,0.24,0.507,99.997,201555,4
2,7nGFBurih98XU2ADyW43it,DAY6,완전 멋지잖아,0.499,0.877,9,-2.934,0,0.113,0.0554,0,0.121,0.758,200.169,185412,4
2,0XbHqCn0SIBKLaZvZWPPII,DAY6,Deep in Love,0.661,0.817,7,-2.475,1,0.0347,0.00139,0,0.0707,0.397,110.033,227144,4
2,3D9imDVFZ58EjgIe6XVu3M,DAY6,Not Mine,0.603,0.596,1,-2.727,0,0.035,0.0998,0,0.0573,0.647,85.009,195684,4
2,65Ru3CZvxISXgmKHEscQeJ,DAY6,Not Fine (나빠),0.502,0.692,2,-2.953,1,0.0415,0.0327,0,0.369,0.468,182.029,215790,4
2,3G3c7sWlKSv12ft9TGy3D0,DAY6,Sweet Chaos,0.551,0.936,11,-1.895,0,0.041,0.00502,0,0.511,0.528,100.004,227240,4
2,2RrbI1ZEgs2UszjzA10IPl,DAY6,Best Part,0.558,0.877,6,-3.752,0,0.0688,0.00295,1.68e-06,0.0444,0.44,126.966,221368,4
2,3TwVNsQwKqPuLUgVctugum,DAY6,Better Better,0.531,0.825,6,-2.571,0,0.0404,0.0405,0,0.656,0.276,135.997,210706,4
2,616ZX9IVGHewONKUZMdlqG,DAY6,장난 아닌데,0.593,0.915,2,-2.398,1,0.0405,0.00629,0,0.141,0.677,123.931,194148,4
2,0EhdXt3y460mTRsi97Pyk5,DAY6,한 페이지가 될 수 있게,0.51,0.975,8,-2.758,1,0.053,0.00428,0,0.222,0.747,174.973,205576,4
2,3krRfDqZgrYwOPU99wowFh,DAY6,Shoot Me,0.584,0.916,1,-1.396,1,0.149,0.0683,0,0.0489,0.731,167.934,175837,4
2,0ngLZreVVHj6xcDUgl47Dt,WONPIL,행운을 빌어 줘 A journey,0.684,0.92,5,-3.872,1,0.0731,0.237,0,0.156,0.455,124.976,209217,4
2,0pRfJ3cCpce08qV3ggaxIe,DAY6,How to love,0.52,0.95,8,-1.93,1,0.119,0.018,0,0.0701,0.763,87.002,204396,4
2,7rGySg5amUMzZnERkkVBWk,DAY6,WARNING!,0.419,0.892,4,-1.601,0,0.187,0.0134,0,0.114,0.645,160.065,205529,4
2,6CUx9eLEzPayC722kcZ06L,DAY6,365247,0.734,0.895,9,-3.35,0,0.0617,0.0171,0.00019,0.195,0.762,110.047,173419,4
2,43AQ3dY0lOge0dKRQNQ2qx,DAY6,좋은걸 뭐 어떡해,0.601,0.834,2,-3.775,1,0.0488,0.0374,0,0.43,0.39,130.029,232667,4
2,2V7xL8Sz8uQgnkjduiJHQE,VVON,Rewind (Feat. SOLE),0.692,0.487,6,-5.899,0,0.151,0.406,0,0.138,0.526,89.912,175480,4
2,3qy5ZInGkf6cDMfDQYFep9,Lydia Ganada,Party Tonight,0.738,0.476,9,-14.642,1,0.0379,0.22,0.0413,0.0749,0.777,96.977,217732,4
2,1osSKszHVvydCr5Yz1iZbh,GABE ISAAC,Rescue,0.576,0.702,2,-6.452,1,0.0307,0.0537,0,0.11,0.293,94.989,187500,4
2,3afkJSKX0EAMsJXTZnDXXJ,Troye Sivan,Strawberries & Cigarettes,0.578,0.537,9,-8.676,1,0.0832,0.162,0,0.076,0.25,83.909,201539,4
2,1XGmzt0PVuFgQYYnV2It7A,Maroon 5,Payphone,0.743,0.752,4,-4.813,1,0.0414,0.0188,0,0.287,0.545,110.015,231173,4
2,2HF0C3YqOsUqrYkWxzIya8,Kristen Bell,"For the First Time in Forever - From ""Frozen""/Soundtrack Version",0.354,0.411,0,-6.018,1,0.0344,0.815,0,0.106,0.43,90.813,225080,4
2,74G0T9Zo5TAJQabpW4gIs3,Fly By Midnight,No Choice,0.573,0.733,3,-4.8,1,0.0279,0.141,0,0.208,0.555,124.031,231762,4
2,1AxPKYDEiL1uNfJj0dk2sT,Fly By Midnight,Different Lives,0.671,0.863,0,-5.504,0,0.032,0.0545,2.09e-06,0.105,0.626,120.034,201000,4
2,3yyWyHmynAWWCPASifJ7Ev,Lauv,Don't Matter - Recorded at Spotify Studios NYC,0.574,0.332,10,-10.765,1,0.407,0.322,0,0.076,0.411,75.919,189725,4
2,5rB5mfeFCkUI3nkHQMMZ3K,Ava Max,"Kings & Queens, Pt. 2 (feat. Lauv & Saweetie)",0.661,0.779,1,-3.995,0,0.0678,0.00604,0,0.218,0.67,129.911,175993,4
2,28tY7rJ0st6uqlZ1ewDGI7,Jake Miller,Parties,0.422,0.551,0,-8.549,1,0.283,0.509,0,0.216,0.417,179.999,169867,4
2,6epn3r7S14KUqlReYr77hA,Justin Bieber,Baby,0.728,0.859,5,-5.237,0,0.137,0.0401,0,0.111,0.535,65.043,214240,4
2,7zFvTDCYy3WNlBzpRJPCOM,GABE ISAAC,Cloud 9,0.808,0.48,4,-9.693,1,0.0487,0.377,0,0.104,0.49,128.031,217127,4
2,77roiKUXNxJC82w6ZCi1oo,Emily Vaughn,madly,0.786,0.569,8,-9.362,0,0.0396,0.499,7.07e-06,0.116,0.85,110.039,100364,4
2,1lvK8Y6Zt4od4CWj82rLhE,The Millennial Club,feel the same,0.792,0.659,9,-5.796,1,0.102,0.602,7.06e-05,0.0543,0.621,102.985,131866,4
2,4sjPR9CMDZAZwwvzqO52zS,Emily Vaughn,love me from a distance,0.716,0.466,4,-11.533,1,0.0901,0.556,0.000259,0.0906,0.739,150.993,119205,4
2,0BOEuUKoHdy8in20fG5smd,Kiiara,Messy,0.893,0.456,9,-5.82,1,0.167,0.216,0,0.326,0.681,108.037,169324,4
2,2cc8Sw1OnCuA5bV8nqWqpE,Regard,You,0.691,0.695,0,-5.6,1,0.0367,0.0592,0,0.0647,0.514,106.064,233386,4
2,31sSFHIe4NaxltVFOEIcTa,Tate McRae,working,0.783,0.435,7,-7.78,1,0.0588,0.282,0,0.0833,0.512,106.974,210220,4
2,7FbrGaHYVDmfr7KoLIZnQ7,FIFTY FIFTY,Cupid - Twin Ver.,0.783,0.592,11,-8.332,0,0.0331,0.435,4.15e-06,0.347,0.726,120.018,174253,4
2,1tvxzDoafjqs4yvjZW4n2K,brb.,my type,0.69,0.578,0,-8.7,1,0.0656,0.167,0.000244,0.134,0.788,89.998,132000,4
2,6Qvwt9H76n1FfWyw5aT6JJ,Takayoshi,apart of me,0.669,0.762,5,-12.308,0,0.0364,0.0663,0.842,0.151,0.876,139.974,76286,4
2,6cj1qZxN3I2OxvYMDlIsNN,Jake Scott,Like This,0.704,0.327,7,-16.332,1,0.396,0.749,0,0.102,0.491,96.082,193462,4
2,0fUFpFczhuhJBz2Z28IL2x,Glee Cast,Last Christmas,0.631,0.757,5,-6.005,1,0.0254,0.00703,0,0.348,0.649,106.885,216627,4
2,2IprIjGNRlj3TfqUWCAo0C,Taylor Swift,Last Christmas,0.702,0.77,5,-5.319,1,0.0372,0.31,0,0.149,0.685,116.009,208253,4
2,2EPQXOr3VLvDImQnoHOYO3,Henry Young,One More Last Time,0.746,0.686,11,-5.111,0,0.0521,0.643,0,0.107,0.594,129.945,129231,4
2,1BxfuPKGuaTgP7aM0Bbdwr,Taylor Swift,Cruel Summer,0.552,0.702,9,-5.707,1,0.157,0.117,2.06e-05,0.105,0.564,169.994,178427,4
2,0cqRj7pUJDkTCEsJkx8snD,Taylor Swift,Shake It Off,0.647,0.8,7,-5.384,1,0.165,0.0647,0,0.334,0.942,160.078,219200,4
2,31CdkzHnMbvJuKZvtCQfR6,Taylor Swift,We Are Never Ever Getting Back Together (Taylor's Version),0.567,0.686,7,-6.139,1,0.175,0.0317,1.86e-06,0.0732,0.716,172.014,193147,4
2,09CtPGIpYB4BrO8qb1RGsF,Justin Bieber,Sorry,0.655,0.76,0,-3.669,0,0.045,0.0797,0,0.299,0.409,99.947,200787,4
2,20I6sIOMTCkB6w7ryavxtO,Carly Rae Jepsen,Call Me Maybe,0.782,0.58,7,-6.548,1,0.0407,0.0114,2.28e-06,0.108,0.66,120.021,193400,4
2,4cluDES4hQEUhmXj6TXkSo,One Direction,What Makes You Beautiful,0.726,0.787,4,-2.494,1,0.0737,0.009,0,0.0596,0.888,124.99,199987,4
2,0HPD5WQqrq7wPWR7P7Dw1i,Kesha,TiK ToK,0.755,0.837,2,-2.718,0,0.142,0.0991,0,0.289,0.714,120.028,199693,4
2,1nInOsHbtotAmEOQhtvnzP,Kelly Clarkson,Stronger (What Doesn't Kill You),0.562,0.939,0,-4.282,1,0.0475,0.046,0,0.112,0.684,116.044,221947,4
2,3qonjOrhFCfTnaaMruHzxW,Charlie Puth,Dangerously,0.696,0.517,2,-8.379,0,0.0366,0.364,0,0.197,0.23,112.291,199133,3
2,1NDxZ7cFAo481dtYWdrUnR,Maggie Lindemann,Pretty Girl - Cheat Codes X CADE Remix,0.703,0.868,7,-4.661,0,0.0291,0.15,0.132,0.104,0.733,121.03,193613,4
2,25gacl0dFF9HTclx7Ug7xC,Valley,Like 1999,0.733,0.382,7,-7.955,1,0.0459,0.132,0,0.162,0.517,98.027,144743,4
2,4EivmOT13NMpNSfTKn9p4s,Doja Cat,Like That (feat. Gucci Mane),0.879,0.498,4,-6.027,0,0.18,0.239,0,0.0967,0.405,106.044,163173,4
2,0ZsMOhMKDO0JDttwfPY7CM,KOALA,Koalified,0.84,0.547,5,-5.645,0,0.202,0.488,1.74e-06,0.169,0.5,96.979,176907,4
2,3e6kFdL9Xui5hUcULHrh5e,Lauv,Miss Me - Demo,0.568,0.452,3,-7.258,1,0.117,0.552,0,0.18,0.213,73.701,118920,4
2,0DHh3p0g7qmNNfNdRNwL6N,DallasK,Try Again (feat. Lauv),0.74,0.754,0,-7.262,0,0.0887,0.41,0.000102,0.137,0.198,124.003,189077,4
2,3ZWhRS2EJVL5B0IEzkcvZa,Jawsh 685,Sweet & Sour (feat. Lauv & Tyga),0.827,0.73,1,-5.324,1,0.0934,0.092,1.35e-05,0.258,0.679,95.003,163228,4
2,0EcQcdcbQeVJn9fknj44Be,Lauv,I Like Me Better,0.753,0.505,9,-7.621,1,0.255,0.534,2.58e-06,0.104,0.419,91.972,197437,4
2,1sQG9Vo4av58gq91eoEU1S,Lauv,Time After Time,0.683,0.598,6,-5.322,1,0.188,0.0103,9.84e-05,0.251,0.478,107.971,147253,4
2,6qfM0i5YwSXtKCeW0R3XWr,Lauv,Bad Trip,0.643,0.655,6,-5.606,1,0.0242,0.0558,0,0.0731,0.382,130.11,166701,4
2,04Nt8Fr8krHE5SxKBWLDdK,Lauv,First Grade,0.423,0.196,5,-11.576,1,0.0391,0.897,0,0.103,0.27,117.953,218676,4
2,6Vv8kZbiRdSbybIukXjvWF,Lauv,Stay Together,0.892,0.595,9,-7.053,1,0.0811,0.256,1.79e-05,0.116,0.694,155.086,140316,4
2,05QUYSOApWLr8oBbpONl7p,elijah woods,"24/7, 365",0.664,0.549,6,-7.282,1,0.036,0.202,0,0.122,0.408,149.98,167000,4
2,2xIbXpHKiHcAzzJBHQ6f0Z,Sophie Cates,SUPERNOVA,0.625,0.715,2,-4.787,1,0.0534,0.111,2.07e-05,0.0548,0.781,156.033,155968,4
2,3bgz631CvL3qA1jRmCDjlL,Emily Vaughn,can we just practice?,0.686,0.434,3,-9.776,1,0.0443,0.581,0.000126,0.117,0.612,144.05,146667,4
2,0cVyQfDyRnMJ0V3rjjdlU3,Paul Russell,Lil Boo Thang,0.85,0.699,0,-3.292,1,0.0776,0.152,0,0.32,0.915,114.481,114234,4
2,5MmakIIxhu6hwT9gcbVi8v,Zach Seabaugh,Slingshot,0.614,0.45,1,-10.22,1,0.0445,0.645,3.55e-05,0.118,0.213,84.999,150837,4
2,3DXncPQOG4VBw3QHh3S817,DJ Khaled,"I'm the One (feat. Justin Bieber, Quavo, Chance the Rapper & Lil Wayne)",0.609,0.668,7,-4.284,1,0.0367,0.0552,0,0.167,0.811,80.924,288600,4
